[태스크명],UI/UX 개선 프로젝트1,
제안자,김철수,
제안일,2024.02.16,
구현목표일,2024.03.15,
,,
[태스크목적],,
사용자 경험을 개선하고 현대적인 디자인을 적용하여 시스템의 사용성과 심미성을 향상시킵니다. 또한 접근성 표준을 준수하여 모든 사용자가 편리하게 이용할 수 있도록 합니다.,,
,,
[태스크범위],,
대시보드 UI 리뉴얼, 전체 시스템 개선,
반응형 디자인 구현,,
다크모드 지원, 테마 커스터마이징,
웹 접근성 개선, WCAG 2.1 준수,
,,
[필수요구사항],,
모던 UI/UX 디자인 적용, Material Design 3.0 기반,
반응형 레이아웃 구현, 모바일 최적화,
다크모드 및 라이트모드 지원, 자동 테마 전환,
웹 접근성 가이드라인 준수, 스크린리더 지원,
성능 최적화, Core Web Vitals 개선,
,,
[선택요구사항],,
사용자 커스텀 테마 지원,,
애니메이션 효과 추가,,
다국어 지원 UI,,
음성 인터페이스 지원,,
,,
[일정계획],,
디자인 시안 작성 와이어프레임 제작,2024.02.20,5d
디자인 시스템 구축 컴포넌트 설계,2024.02.25,7d
UI 프로토타입 개발 사용성 테스트,2024.03.03,5d
피드백 수렴 및 디자인 개선,2024.03.08,3d
최종 UI 구현 및 테스트,2024.03.11,4d
문서화 및 배포 준비,2024.03.15,2d 
